Time_Step;Acc_X;Acc_Y;Acc_Z;Gyro_X;Gyro_Y;Gyro_Z;FSR_1;FSR_2;Position_X;Position_Y;Position_Z
1;2;4;8;16;32;64;128;256;512;1024;2048
3;6;12;24;48;96;192;384;768;1536;3072;6144
5;10;20;40;80;160;320;640;1280;2560;5120;10240
6;12;24;48;96;192;384;768;1536;3072;6144;12288
7;14;28;56;112;224;448;896;1792;3584;7168;14336
9;18;36;72;144;288;576;1152;2304;4608;9216;18432
10;20;40;80;160;320;640;1280;2560;5120;10240;20480
11;22;44;88;176;352;704;1408;2816;5632;11264;22528
13;26;52;104;208;416;832;1664;3328;6656;13312;26624
15;30;60;120;240;480;960;1920;3840;7680;15360;30720
16;32;64;128;256;512;1024;2048;4096;8192;16384;32768
17;34;68;136;272;544;1088;2176;4352;8704;17408;34816
19;38;76;152;304;608;1216;2432;4864;9728;19456;38912
20;40;80;160;320;640;1280;2560;5120;10240;20480;40960
21;42;84;168;336;672;1344;2688;5376;10752;21504;43008
23;46;92;184;368;736;1472;2944;5888;11776;23552;47104
25;50;100;200;400;800;1600;3200;6400;12800;25600;51200
26;52;104;208;416;832;1664;3328;6656;13312;26624;53248
27;54;108;216;432;864;1728;3456;6912;13824;27648;55296
29;58;116;232;464;928;1856;3712;7424;14848;29696;59392
30;60;120;240;480;960;1920;3840;7680;15360;30720;61440
31;62;124;248;496;992;1984;3968;7936;15872;31744;63488
33;66;132;264;528;1056;2112;4224;8448;16896;33792;67584
35;70;140;280;560;1120;2240;4480;8960;17920;35840;71680
36;72;144;288;576;1152;2304;4608;9216;18432;36864;73728
37;74;148;296;592;1184;2368;4736;9472;18944;37888;75776
39;78;156;312;624;1248;2496;4992;9984;19968;39936;79872
40;80;160;320;640;1280;2560;5120;10240;20480;40960;81920
41;82;164;328;656;1312;2624;5248;10496;20992;41984;83968
42;84;168;336;672;1344;2688;5376;10752;21504;43008;86016
43;86;172;344;688;1376;2752;5504;11008;22016;44032;88064
44;88;176;352;704;1408;2816;5632;11264;22528;45056;90112
45;90;180;360;720;1440;2880;5760;11520;23040;46080;92160
46;92;184;368;736;1472;2944;5888;11776;23552;47104;94208
47;94;188;376;752;1504;3008;6016;12032;24064;48128;96256
48;96;192;384;768;1536;3072;6144;12288;24576;49152;98304
49;98;196;392;784;1568;3136;6272;12544;25088;50176;100352
50;100;200;400;800;1600;3200;6400;12800;25600;51200;102400
51;102;204;408;816;1632;3264;6528;13056;26112;52224;104448
52;104;208;416;832;1664;3328;6656;13312;26624;53248;106496
53;106;212;424;848;1696;3392;6784;13568;27136;54272;108544
54;108;216;432;864;1728;3456;6912;13824;27648;55296;110592
55;110;220;440;880;1760;3520;7040;14080;28160;56320;112640
56;112;224;448;896;1792;3584;7168;14336;28672;57344;114688
57;114;228;456;912;1824;3648;7296;14592;29184;58368;116736
58;116;232;464;928;1856;3712;7424;14848;29696;59392;118784
59;118;236;472;944;1888;3776;7552;15104;30208;60416;120832
60;120;240;480;960;1920;3840;7680;15360;30720;61440;122880
61;122;244;488;976;1952;3904;7808;15616;31232;62464;124928
62;124;248;496;992;1984;3968;7936;15872;31744;63488;126976
63;126;252;504;1008;2016;4032;8064;16128;32256;64512;129024
64;128;256;512;1024;2048;4096;8192;16384;32768;65536;131072
65;130;260;520;1040;2080;4160;8320;16640;33280;66560;133120
66;132;264;528;1056;2112;4224;8448;16896;33792;67584;135168
67;134;268;536;1072;2144;4288;8576;17152;34304;68608;137216
68;136;272;544;1088;2176;4352;8704;17408;34816;69632;139264
69;138;276;552;1104;2208;4416;8832;17664;35328;70656;141312
70;140;280;560;1120;2240;4480;8960;17920;35840;71680;143360
71;142;284;568;1136;2272;4544;9088;18176;36352;72704;145408
72;144;288;576;1152;2304;4608;9216;18432;36864;73728;147456
73;146;292;584;1168;2336;4672;9344;18688;37376;74752;149504
74;148;296;592;1184;2368;4736;9472;18944;37888;75776;151552
75;150;300;600;1200;2400;4800;9600;19200;38400;76800;153600
76;152;304;608;1216;2432;4864;9728;19456;38912;77824;155648
77;154;308;616;1232;2464;4928;9856;19712;39424;78848;157696
78;156;312;624;1248;2496;4992;9984;19968;39936;79872;159744
79;158;316;632;1264;2528;5056;10112;20224;40448;80896;161792
80;160;320;640;1280;2560;5120;10240;20480;40960;81920;163840
81;162;324;648;1296;2592;5184;10368;20736;41472;82944;165888
82;164;328;656;1312;2624;5248;10496;20992;41984;83968;167936
83;166;332;664;1328;2656;5312;10624;21248;42496;84992;169984
84;168;336;672;1344;2688;5376;10752;21504;43008;86016;172032
85;170;340;680;1360;2720;5440;10880;21760;43520;87040;174080
86;172;344;688;1376;2752;5504;11008;22016;44032;88064;176128
87;174;348;696;1392;2784;5568;11136;22272;44544;89088;178176
88;176;352;704;1408;2816;5632;11264;22528;45056;90112;180224
89;178;356;712;1424;2848;5696;11392;22784;45568;91136;182272
90;180;360;720;1440;2880;5760;11520;23040;46080;92160;184320
91;182;364;728;1456;2912;5824;11648;23296;46592;93184;186368
92;184;368;736;1472;2944;5888;11776;23552;47104;94208;188416
93;186;372;744;1488;2976;5952;11904;23808;47616;95232;190464
94;188;376;752;1504;3008;6016;12032;24064;48128;96256;192512
95;190;380;760;1520;3040;6080;12160;24320;48640;97280;194560
96;192;384;768;1536;3072;6144;12288;24576;49152;98304;196608
97;194;388;776;1552;3104;6208;12416;24832;49664;99328;198656
98;196;392;784;1568;3136;6272;12544;25088;50176;100352;200704
99;198;396;792;1584;3168;6336;12672;25344;50688;101376;202752
100;200;400;800;1600;3200;6400;12800;25600;51200;102400;204800
101;202;404;808;1616;3232;6464;12928;25856;51712;103424;206848
102;204;408;816;1632;3264;6528;13056;26112;52224;104448;208896
103;206;412;824;1648;3296;6592;13184;26368;52736;105472;210944
104;208;416;832;1664;3328;6656;13312;26624;53248;106496;212992
105;210;420;840;1680;3360;6720;13440;26880;53760;107520;215040
106;212;424;848;1696;3392;6784;13568;27136;54272;108544;217088
107;214;428;856;1712;3424;6848;13696;27392;54784;109568;219136
108;216;432;864;1728;3456;6912;13824;27648;55296;110592;221184
109;218;436;872;1744;3488;6976;13952;27904;55808;111616;223232
110;220;440;880;1760;3520;7040;14080;28160;56320;112640;225280
111;222;444;888;1776;3552;7104;14208;28416;56832;113664;227328
112;224;448;896;1792;3584;7168;14336;28672;57344;114688;229376
113;226;452;904;1808;3616;7232;14464;28928;57856;115712;231424
114;228;456;912;1824;3648;7296;14592;29184;58368;116736;233472
115;230;460;920;1840;3680;7360;14720;29440;58880;117760;235520
116;232;464;928;1856;3712;7424;14848;29696;59392;118784;237568
117;234;468;936;1872;3744;7488;14976;29952;59904;119808;239616
118;236;472;944;1888;3776;7552;15104;30208;60416;120832;241664
119;238;476;952;1904;3808;7616;15232;30464;60928;121856;243712
120;240;480;960;1920;3840;7680;15360;30720;61440;122880;245760
121;242;484;968;1936;3872;7744;15488;30976;61952;123904;247808
122;244;488;976;1952;3904;7808;15616;31232;62464;124928;249856
123;246;492;984;1968;3936;7872;15744;31488;62976;125952;251904
124;248;496;992;1984;3968;7936;15872;31744;63488;126976;253952
125;250;500;1000;2000;4000;8000;16000;32000;64000;128000;256000
126;252;504;1008;2016;4032;8064;16128;32256;64512;129024;258048
127;254;508;1016;2032;4064;8128;16256;32512;65024;130048;260096
128;256;512;1024;2048;4096;8192;16384;32768;65536;131072;262144
129;258;516;1032;2064;4128;8256;16512;33024;66048;132096;264192
130;260;520;1040;2080;4160;8320;16640;33280;66560;133120;266240
131;262;524;1048;2096;4192;8384;16768;33536;67072;134144;268288
132;264;528;1056;2112;4224;8448;16896;33792;67584;135168;270336
133;266;532;1064;2128;4256;8512;17024;34048;68096;136192;272384
134;268;536;1072;2144;4288;8576;17152;34304;68608;137216;274432
135;270;540;1080;2160;4320;8640;17280;34560;69120;138240;276480
136;272;544;1088;2176;4352;8704;17408;34816;69632;139264;278528
137;274;548;1096;2192;4384;8768;17536;35072;70144;140288;280576
138;276;552;1104;2208;4416;8832;17664;35328;70656;141312;282624
139;278;556;1112;2224;4448;8896;17792;35584;71168;142336;284672
140;280;560;1120;2240;4480;8960;17920;35840;71680;143360;286720
141;282;564;1128;2256;4512;9024;18048;36096;72192;144384;288768
142;284;568;1136;2272;4544;9088;18176;36352;72704;145408;290816
143;286;572;1144;2288;4576;9152;18304;36608;73216;146432;292864
144;288;576;1152;2304;4608;9216;18432;36864;73728;147456;294912
145;290;580;1160;2320;4640;9280;18560;37120;74240;148480;296960
146;292;584;1168;2336;4672;9344;18688;37376;74752;149504;299008
147;294;588;1176;2352;4704;9408;18816;37632;75264;150528;301056
148;296;592;1184;2368;4736;9472;18944;37888;75776;151552;303104
149;298;596;1192;2384;4768;9536;19072;38144;76288;152576;305152
150;300;600;1200;2400;4800;9600;19200;38400;76800;153600;307200
151;302;604;1208;2416;4832;9664;19328;38656;77312;154624;309248
152;304;608;1216;2432;4864;9728;19456;38912;77824;155648;311296
153;306;612;1224;2448;4896;9792;19584;39168;78336;156672;313344
154;308;616;1232;2464;4928;9856;19712;39424;78848;157696;315392
155;310;620;1240;2480;4960;9920;19840;39680;79360;158720;317440
156;312;624;1248;2496;4992;9984;19968;39936;79872;159744;319488
157;314;628;1256;2512;5024;10048;20096;40192;80384;160768;321536
158;316;632;1264;2528;5056;10112;20224;40448;80896;161792;323584
159;318;636;1272;2544;5088;10176;20352;40704;81408;162816;325632
160;320;640;1280;2560;5120;10240;20480;40960;81920;163840;327680
161;322;644;1288;2576;5152;10304;20608;41216;82432;164864;329728
162;324;648;1296;2592;5184;10368;20736;41472;82944;165888;331776
163;326;652;1304;2608;5216;10432;20864;41728;83456;166912;333824
164;328;656;1312;2624;5248;10496;20992;41984;83968;167936;335872
165;330;660;1320;2640;5280;10560;21120;42240;84480;168960;337920
166;332;664;1328;2656;5312;10624;21248;42496;84992;169984;339968
167;334;668;1336;2672;5344;10688;21376;42752;85504;171008;342016
168;336;672;1344;2688;5376;10752;21504;43008;86016;172032;344064
169;338;676;1352;2704;5408;10816;21632;43264;86528;173056;346112
170;340;680;1360;2720;5440;10880;21760;43520;87040;174080;348160
171;342;684;1368;2736;5472;10944;21888;43776;87552;175104;350208
172;344;688;1376;2752;5504;11008;22016;44032;88064;176128;352256
173;346;692;1384;2768;5536;11072;22144;44288;88576;177152;354304
174;348;696;1392;2784;5568;11136;22272;44544;89088;178176;356352
175;350;700;1400;2800;5600;11200;22400;44800;89600;179200;358400
176;352;704;1408;2816;5632;11264;22528;45056;90112;180224;360448
177;354;708;1416;2832;5664;11328;22656;45312;90624;181248;362496
178;356;712;1424;2848;5696;11392;22784;45568;91136;182272;364544
179;358;716;1432;2864;5728;11456;22912;45824;91648;183296;366592
180;360;720;1440;2880;5760;11520;23040;46080;92160;184320;368640
181;362;724;1448;2896;5792;11584;23168;46336;92672;185344;370688
182;364;728;1456;2912;5824;11648;23296;46592;93184;186368;372736
183;366;732;1464;2928;5856;11712;23424;46848;93696;187392;374784
184;368;736;1472;2944;5888;11776;23552;47104;94208;188416;376832
185;370;740;1480;2960;5920;11840;23680;47360;94720;189440;378880
186;372;744;1488;2976;5952;11904;23808;47616;95232;190464;380928
187;374;748;1496;2992;5984;11968;23936;47872;95744;191488;382976
188;376;752;1504;3008;6016;12032;24064;48128;96256;192512;385024
189;378;756;1512;3024;6048;12096;24192;48384;96768;193536;387072
190;380;760;1520;3040;6080;12160;24320;48640;97280;194560;389120
191;382;764;1528;3056;6112;12224;24448;48896;97792;195584;391168
192;384;768;1536;3072;6144;12288;24576;49152;98304;196608;393216
193;386;772;1544;3088;6176;12352;24704;49408;98816;197632;395264
194;388;776;1552;3104;6208;12416;24832;49664;99328;198656;397312
195;390;780;1560;3120;6240;12480;24960;49920;99840;199680;399360
196;392;784;1568;3136;6272;12544;25088;50176;100352;200704;401408
197;394;788;1576;3152;6304;12608;25216;50432;100864;201728;403456
198;396;792;1584;3168;6336;12672;25344;50688;101376;202752;405504
199;398;796;1592;3184;6368;12736;25472;50944;101888;203776;407552
200;400;800;1600;3200;6400;12800;25600;51200;102400;204800;409600
201;402;804;1608;3216;6432;12864;25728;51456;102912;205824;411648
202;404;808;1616;3232;6464;12928;25856;51712;103424;206848;413696
203;406;812;1624;3248;6496;12992;25984;51968;103936;207872;415744
204;408;816;1632;3264;6528;13056;26112;52224;104448;208896;417792
205;410;820;1640;3280;6560;13120;26240;52480;104960;209920;419840
206;412;824;1648;3296;6592;13184;26368;52736;105472;210944;421888
207;414;828;1656;3312;6624;13248;26496;52992;105984;211968;423936
208;416;832;1664;3328;6656;13312;26624;53248;106496;212992;425984
209;418;836;1672;3344;6688;13376;26752;53504;107008;214016;428032
210;420;840;1680;3360;6720;13440;26880;53760;107520;215040;430080
211;422;844;1688;3376;6752;13504;27008;54016;108032;216064;432128
212;424;848;1696;3392;6784;13568;27136;54272;108544;217088;434176
213;426;852;1704;3408;6816;13632;27264;54528;109056;218112;436224
214;428;856;1712;3424;6848;13696;27392;54784;109568;219136;438272
215;430;860;1720;3440;6880;13760;27520;55040;110080;220160;440320
216;432;864;1728;3456;6912;13824;27648;55296;110592;221184;442368
217;434;868;1736;3472;6944;13888;27776;55552;111104;222208;444416
218;436;872;1744;3488;6976;13952;27904;55808;111616;223232;446464
219;438;876;1752;3504;7008;14016;28032;56064;112128;224256;448512
220;440;880;1760;3520;7040;14080;28160;56320;112640;225280;450560
221;442;884;1768;3536;7072;14144;28288;56576;113152;226304;452608
222;444;888;1776;3552;7104;14208;28416;56832;113664;227328;454656
223;446;892;1784;3568;7136;14272;28544;57088;114176;228352;456704
224;448;896;1792;3584;7168;14336;28672;57344;114688;229376;458752
225;450;900;1800;3600;7200;14400;28800;57600;115200;230400;460800
226;452;904;1808;3616;7232;14464;28928;57856;115712;231424;462848
227;454;908;1816;3632;7264;14528;29056;58112;116224;232448;464896
228;456;912;1824;3648;7296;14592;29184;58368;116736;233472;466944
229;458;916;1832;3664;7328;14656;29312;58624;117248;234496;468992
230;460;920;1840;3680;7360;14720;29440;58880;117760;235520;471040
231;462;924;1848;3696;7392;14784;29568;59136;118272;236544;473088
232;464;928;1856;3712;7424;14848;29696;59392;118784;237568;475136
233;466;932;1864;3728;7456;14912;29824;59648;119296;238592;477184
234;468;936;1872;3744;7488;14976;29952;59904;119808;239616;479232
235;470;940;1880;3760;7520;15040;30080;60160;120320;240640;481280
236;472;944;1888;3776;7552;15104;30208;60416;120832;241664;483328
237;474;948;1896;3792;7584;15168;30336;60672;121344;242688;485376
238;476;952;1904;3808;7616;15232;30464;60928;121856;243712;487424
239;478;956;1912;3824;7648;15296;30592;61184;122368;244736;489472
240;480;960;1920;3840;7680;15360;30720;61440;122880;245760;491520
241;482;964;1928;3856;7712;15424;30848;61696;123392;246784;493568
242;484;968;1936;3872;7744;15488;30976;61952;123904;247808;495616
243;486;972;1944;3888;7776;15552;31104;62208;124416;248832;497664
244;488;976;1952;3904;7808;15616;31232;62464;124928;249856;499712
245;490;980;1960;3920;7840;15680;31360;62720;125440;250880;501760
246;492;984;1968;3936;7872;15744;31488;62976;125952;251904;503808
247;494;988;1976;3952;7904;15808;31616;63232;126464;252928;505856
248;496;992;1984;3968;7936;15872;31744;63488;126976;253952;507904
249;498;996;1992;3984;7968;15936;31872;63744;127488;254976;509952
250;500;1000;2000;4000;8000;16000;32000;64000;128000;256000;512000
251;502;1004;2008;4016;8032;16064;32128;64256;128512;257024;514048
252;504;1008;2016;4032;8064;16128;32256;64512;129024;258048;516096
253;506;1012;2024;4048;8096;16192;32384;64768;129536;259072;518144
254;508;1016;2032;4064;8128;16256;32512;65024;130048;260096;520192
255;510;1020;2040;4080;8160;16320;32640;65280;130560;261120;522240
256;512;1024;2048;4096;8192;16384;32768;65536;131072;262144;524288
257;514;1028;2056;4112;8224;16448;32896;65792;131584;263168;526336
258;516;1032;2064;4128;8256;16512;33024;66048;132096;264192;528384
259;518;1036;2072;4144;8288;16576;33152;66304;132608;265216;530432
260;520;1040;2080;4160;8320;16640;33280;66560;133120;266240;532480
261;522;1044;2088;4176;8352;16704;33408;66816;133632;267264;534528
262;524;1048;2096;4192;8384;16768;33536;67072;134144;268288;536576
263;526;1052;2104;4208;8416;16832;33664;67328;134656;269312;538624
264;528;1056;2112;4224;8448;16896;33792;67584;135168;270336;540672
265;530;1060;2120;4240;8480;16960;33920;67840;135680;271360;542720
266;532;1064;2128;4256;8512;17024;34048;68096;136192;272384;544768
267;534;1068;2136;4272;8544;17088;34176;68352;136704;273408;546816
268;536;1072;2144;4288;8576;17152;34304;68608;137216;274432;548864
269;538;1076;2152;4304;8608;17216;34432;68864;137728;275456;550912
270;540;1080;2160;4320;8640;17280;34560;69120;138240;276480;552960
271;542;1084;2168;4336;8672;17344;34688;69376;138752;277504;555008
272;544;1088;2176;4352;8704;17408;34816;69632;139264;278528;557056
273;546;1092;2184;4368;8736;17472;34944;69888;139776;279552;559104
274;548;1096;2192;4384;8768;17536;35072;70144;140288;280576;561152
275;550;1100;2200;4400;8800;17600;35200;70400;140800;281600;563200
276;552;1104;2208;4416;8832;17664;35328;70656;141312;282624;565248
277;554;1108;2216;4432;8864;17728;35456;70912;141824;283648;567296
278;556;1112;2224;4448;8896;17792;35584;71168;142336;284672;569344
279;558;1116;2232;4464;8928;17856;35712;71424;142848;285696;571392
280;560;1120;2240;4480;8960;17920;35840;71680;143360;286720;573440
281;562;1124;2248;4496;8992;17984;35968;71936;143872;287744;575488
282;564;1128;2256;4512;9024;18048;36096;72192;144384;288768;577536
283;566;1132;2264;4528;9056;18112;36224;72448;144896;289792;579584
284;568;1136;2272;4544;9088;18176;36352;72704;145408;290816;581632
285;570;1140;2280;4560;9120;18240;36480;72960;145920;291840;583680
286;572;1144;2288;4576;9152;18304;36608;73216;146432;292864;585728
287;574;1148;2296;4592;9184;18368;36736;73472;146944;293888;587776
288;576;1152;2304;4608;9216;18432;36864;73728;147456;294912;589824
289;578;1156;2312;4624;9248;18496;36992;73984;147968;295936;591872
290;580;1160;2320;4640;9280;18560;37120;74240;148480;296960;593920
291;582;1164;2328;4656;9312;18624;37248;74496;148992;297984;595968
292;584;1168;2336;4672;9344;18688;37376;74752;149504;299008;598016
293;586;1172;2344;4688;9376;18752;37504;75008;150016;300032;600064
294;588;1176;2352;4704;9408;18816;37632;75264;150528;301056;602112
295;590;1180;2360;4720;9440;18880;37760;75520;151040;302080;604160
296;592;1184;2368;4736;9472;18944;37888;75776;151552;303104;606208
297;594;1188;2376;4752;9504;19008;38016;76032;152064;304128;608256
298;596;1192;2384;4768;9536;19072;38144;76288;152576;305152;610304
299;598;1196;2392;4784;9568;19136;38272;76544;153088;306176;612352
300;600;1200;2400;4800;9600;19200;38400;76800;153600;307200;614400
301;602;1204;2408;4816;9632;19264;38528;77056;154112;308224;616448
302;604;1208;2416;4832;9664;19328;38656;77312;154624;309248;618496
303;606;1212;2424;4848;9696;19392;38784;77568;155136;310272;620544
304;608;1216;2432;4864;9728;19456;38912;77824;155648;311296;622592
305;610;1220;2440;4880;9760;19520;39040;78080;156160;312320;624640
306;612;1224;2448;4896;9792;19584;39168;78336;156672;313344;626688
307;614;1228;2456;4912;9824;19648;39296;78592;157184;314368;628736
308;616;1232;2464;4928;9856;19712;39424;78848;157696;315392;630784
309;618;1236;2472;4944;9888;19776;39552;79104;158208;316416;632832
310;620;1240;2480;4960;9920;19840;39680;79360;158720;317440;634880
311;622;1244;2488;4976;9952;19904;39808;79616;159232;318464;636928
312;624;1248;2496;4992;9984;19968;39936;79872;159744;319488;638976
313;626;1252;2504;5008;10016;20032;40064;80128;160256;320512;641024
314;628;1256;2512;5024;10048;20096;40192;80384;160768;321536;643072
315;630;1260;2520;5040;10080;20160;40320;80640;161280;322560;645120
316;632;1264;2528;5056;10112;20224;40448;80896;161792;323584;647168
317;634;1268;2536;5072;10144;20288;40576;81152;162304;324608;649216
318;636;1272;2544;5088;10176;20352;40704;81408;162816;325632;651264
319;638;1276;2552;5104;10208;20416;40832;81664;163328;326656;653312
320;640;1280;2560;5120;10240;20480;40960;81920;163840;327680;655360
321;642;1284;2568;5136;10272;20544;41088;82176;164352;328704;657408
322;644;1288;2576;5152;10304;20608;41216;82432;164864;329728;659456
323;646;1292;2584;5168;10336;20672;41344;82688;165376;330752;661504
324;648;1296;2592;5184;10368;20736;41472;82944;165888;331776;663552
325;650;1300;2600;5200;10400;20800;41600;83200;166400;332800;665600
326;652;1304;2608;5216;10432;20864;41728;83456;166912;333824;667648
327;654;1308;2616;5232;10464;20928;41856;83712;167424;334848;669696
328;656;1312;2624;5248;10496;20992;41984;83968;167936;335872;671744
329;658;1316;2632;5264;10528;21056;42112;84224;168448;336896;673792
330;660;1320;2640;5280;10560;21120;42240;84480;168960;337920;675840
331;662;1324;2648;5296;10592;21184;42368;84736;169472;338944;677888
332;664;1328;2656;5312;10624;21248;42496;84992;169984;339968;679936
333;666;1332;2664;5328;10656;21312;42624;85248;170496;340992;681984
334;668;1336;2672;5344;10688;21376;42752;85504;171008;342016;684032
335;670;1340;2680;5360;10720;21440;42880;85760;171520;343040;686080
336;672;1344;2688;5376;10752;21504;43008;86016;172032;344064;688128
337;674;1348;2696;5392;10784;21568;43136;86272;172544;345088;690176
338;676;1352;2704;5408;10816;21632;43264;86528;173056;346112;692224
339;678;1356;2712;5424;10848;21696;43392;86784;173568;347136;694272
340;680;1360;2720;5440;10880;21760;43520;87040;174080;348160;696320
341;682;1364;2728;5456;10912;21824;43648;87296;174592;349184;698368
342;684;1368;2736;5472;10944;21888;43776;87552;175104;350208;700416
343;686;1372;2744;5488;10976;21952;43904;87808;175616;351232;702464
344;688;1376;2752;5504;11008;22016;44032;88064;176128;352256;704512
345;690;1380;2760;5520;11040;22080;44160;88320;176640;353280;706560
346;692;1384;2768;5536;11072;22144;44288;88576;177152;354304;708608
347;694;1388;2776;5552;11104;22208;44416;88832;177664;355328;710656
348;696;1392;2784;5568;11136;22272;44544;89088;178176;356352;712704
349;698;1396;2792;5584;11168;22336;44672;89344;178688;357376;714752
350;700;1400;2800;5600;11200;22400;44800;89600;179200;358400;716800
351;702;1404;2808;5616;11232;22464;44928;89856;179712;359424;718848
352;704;1408;2816;5632;11264;22528;45056;90112;180224;360448;720896
353;706;1412;2824;5648;11296;22592;45184;90368;180736;361472;722944
354;708;1416;2832;5664;11328;22656;45312;90624;181248;362496;724992
355;710;1420;2840;5680;11360;22720;45440;90880;181760;363520;727040
356;712;1424;2848;5696;11392;22784;45568;91136;182272;364544;729088
357;714;1428;2856;5712;11424;22848;45696;91392;182784;365568;731136
358;716;1432;2864;5728;11456;22912;45824;91648;183296;366592;733184
359;718;1436;2872;5744;11488;22976;45952;91904;183808;367616;735232
360;720;1440;2880;5760;11520;23040;46080;92160;184320;368640;737280
361;722;1444;2888;5776;11552;23104;46208;92416;184832;369664;739328
362;724;1448;2896;5792;11584;23168;46336;92672;185344;370688;741376
363;726;1452;2904;5808;11616;23232;46464;92928;185856;371712;743424
364;728;1456;2912;5824;11648;23296;46592;93184;186368;372736;745472
365;730;1460;2920;5840;11680;23360;46720;93440;186880;373760;747520
366;732;1464;2928;5856;11712;23424;46848;93696;187392;374784;749568
367;734;1468;2936;5872;11744;23488;46976;93952;187904;375808;751616
368;736;1472;2944;5888;11776;23552;47104;94208;188416;376832;753664
369;738;1476;2952;5904;11808;23616;47232;94464;188928;377856;755712
370;740;1480;2960;5920;11840;23680;47360;94720;189440;378880;757760
371;742;1484;2968;5936;11872;23744;47488;94976;189952;379904;759808
372;744;1488;2976;5952;11904;23808;47616;95232;190464;380928;761856
373;746;1492;2984;5968;11936;23872;47744;95488;190976;381952;763904
374;748;1496;2992;5984;11968;23936;47872;95744;191488;382976;765952
375;750;1500;3000;6000;12000;24000;48000;96000;192000;384000;768000
376;752;1504;3008;6016;12032;24064;48128;96256;192512;385024;770048
377;754;1508;3016;6032;12064;24128;48256;96512;193024;386048;772096
378;756;1512;3024;6048;12096;24192;48384;96768;193536;387072;774144
379;758;1516;3032;6064;12128;24256;48512;97024;194048;388096;776192
380;760;1520;3040;6080;12160;24320;48640;97280;194560;389120;778240
381;762;1524;3048;6096;12192;24384;48768;97536;195072;390144;780288
382;764;1528;3056;6112;12224;24448;48896;97792;195584;391168;782336
383;766;1532;3064;6128;12256;24512;49024;98048;196096;392192;784384
384;768;1536;3072;6144;12288;24576;49152;98304;196608;393216;786432
385;770;1540;3080;6160;12320;24640;49280;98560;197120;394240;788480
386;772;1544;3088;6176;12352;24704;49408;98816;197632;395264;790528
387;774;1548;3096;6192;12384;24768;49536;99072;198144;396288;792576
388;776;1552;3104;6208;12416;24832;49664;99328;198656;397312;794624
389;778;1556;3112;6224;12448;24896;49792;99584;199168;398336;796672
390;780;1560;3120;6240;12480;24960;49920;99840;199680;399360;798720
391;782;1564;3128;6256;12512;25024;50048;100096;200192;400384;800768
392;784;1568;3136;6272;12544;25088;50176;100352;200704;401408;802816
393;786;1572;3144;6288;12576;25152;50304;100608;201216;402432;804864
394;788;1576;3152;6304;12608;25216;50432;100864;201728;403456;806912
395;790;1580;3160;6320;12640;25280;50560;101120;202240;404480;808960
396;792;1584;3168;6336;12672;25344;50688;101376;202752;405504;811008
397;794;1588;3176;6352;12704;25408;50816;101632;203264;406528;813056
398;796;1592;3184;6368;12736;25472;50944;101888;203776;407552;815104
399;798;1596;3192;6384;12768;25536;51072;102144;204288;408576;817152
400;800;1600;3200;6400;12800;25600;51200;102400;204800;409600;819200
401;802;1604;3208;6416;12832;25664;51328;102656;205312;410624;821248
402;804;1608;3216;6432;12864;25728;51456;102912;205824;411648;823296
403;806;1612;3224;6448;12896;25792;51584;103168;206336;412672;825344
404;808;1616;3232;6464;12928;25856;51712;103424;206848;413696;827392
405;810;1620;3240;6480;12960;25920;51840;103680;207360;414720;829440
406;812;1624;3248;6496;12992;25984;51968;103936;207872;415744;831488
407;814;1628;3256;6512;13024;26048;52096;104192;208384;416768;833536
408;816;1632;3264;6528;13056;26112;52224;104448;208896;417792;835584
409;818;1636;3272;6544;13088;26176;52352;104704;209408;418816;837632
410;820;1640;3280;6560;13120;26240;52480;104960;209920;419840;839680
411;822;1644;3288;6576;13152;26304;52608;105216;210432;420864;841728
412;824;1648;3296;6592;13184;26368;52736;105472;210944;421888;843776
413;826;1652;3304;6608;13216;26432;52864;105728;211456;422912;845824
414;828;1656;3312;6624;13248;26496;52992;105984;211968;423936;847872
415;830;1660;3320;6640;13280;26560;53120;106240;212480;424960;849920
416;832;1664;3328;6656;13312;26624;53248;106496;212992;425984;851968
417;834;1668;3336;6672;13344;26688;53376;106752;213504;427008;854016
418;836;1672;3344;6688;13376;26752;53504;107008;214016;428032;856064
419;838;1676;3352;6704;13408;26816;53632;107264;214528;429056;858112
420;840;1680;3360;6720;13440;26880;53760;107520;215040;430080;860160
421;842;1684;3368;6736;13472;26944;53888;107776;215552;431104;862208
422;844;1688;3376;6752;13504;27008;54016;108032;216064;432128;864256
423;846;1692;3384;6768;13536;27072;54144;108288;216576;433152;866304
424;848;1696;3392;6784;13568;27136;54272;108544;217088;434176;868352
425;850;1700;3400;6800;13600;27200;54400;108800;217600;435200;870400
426;852;1704;3408;6816;13632;27264;54528;109056;218112;436224;872448
427;854;1708;3416;6832;13664;27328;54656;109312;218624;437248;874496
428;856;1712;3424;6848;13696;27392;54784;109568;219136;438272;876544
429;858;1716;3432;6864;13728;27456;54912;109824;219648;439296;878592
430;860;1720;3440;6880;13760;27520;55040;110080;220160;440320;880640
431;862;1724;3448;6896;13792;27584;55168;110336;220672;441344;882688
432;864;1728;3456;6912;13824;27648;55296;110592;221184;442368;884736
433;866;1732;3464;6928;13856;27712;55424;110848;221696;443392;886784
434;868;1736;3472;6944;13888;27776;55552;111104;222208;444416;888832
435;870;1740;3480;6960;13920;27840;55680;111360;222720;445440;890880
436;872;1744;3488;6976;13952;27904;55808;111616;223232;446464;892928
437;874;1748;3496;6992;13984;27968;55936;111872;223744;447488;894976
438;876;1752;3504;7008;14016;28032;56064;112128;224256;448512;897024
439;878;1756;3512;7024;14048;28096;56192;112384;224768;449536;899072
440;880;1760;3520;7040;14080;28160;56320;112640;225280;450560;901120
441;882;1764;3528;7056;14112;28224;56448;112896;225792;451584;903168
442;884;1768;3536;7072;14144;28288;56576;113152;226304;452608;905216
443;886;1772;3544;7088;14176;28352;56704;113408;226816;453632;907264
444;888;1776;3552;7104;14208;28416;56832;113664;227328;454656;909312
445;890;1780;3560;7120;14240;28480;56960;113920;227840;455680;911360
446;892;1784;3568;7136;14272;28544;57088;114176;228352;456704;913408
447;894;1788;3576;7152;14304;28608;57216;114432;228864;457728;915456
448;896;1792;3584;7168;14336;28672;57344;114688;229376;458752;917504
449;898;1796;3592;7184;14368;28736;57472;114944;229888;459776;919552
450;900;1800;3600;7200;14400;28800;57600;115200;230400;460800;921600
451;902;1804;3608;7216;14432;28864;57728;115456;230912;461824;923648
452;904;1808;3616;7232;14464;28928;57856;115712;231424;462848;925696
453;906;1812;3624;7248;14496;28992;57984;115968;231936;463872;927744
454;908;1816;3632;7264;14528;29056;58112;116224;232448;464896;929792
455;910;1820;3640;7280;14560;29120;58240;116480;232960;465920;931840
456;912;1824;3648;7296;14592;29184;58368;116736;233472;466944;933888
457;914;1828;3656;7312;14624;29248;58496;116992;233984;467968;935936
458;916;1832;3664;7328;14656;29312;58624;117248;234496;468992;937984
459;918;1836;3672;7344;14688;29376;58752;117504;235008;470016;940032
460;920;1840;3680;7360;14720;29440;58880;117760;235520;471040;942080
461;922;1844;3688;7376;14752;29504;59008;118016;236032;472064;944128
462;924;1848;3696;7392;14784;29568;59136;118272;236544;473088;946176
463;926;1852;3704;7408;14816;29632;59264;118528;237056;474112;948224
464;928;1856;3712;7424;14848;29696;59392;118784;237568;475136;950272
465;930;1860;3720;7440;14880;29760;59520;119040;238080;476160;952320
466;932;1864;3728;7456;14912;29824;59648;119296;238592;477184;954368
467;934;1868;3736;7472;14944;29888;59776;119552;239104;478208;956416
468;936;1872;3744;7488;14976;29952;59904;119808;239616;479232;958464
469;938;1876;3752;7504;15008;30016;60032;120064;240128;480256;960512
470;940;1880;3760;7520;15040;30080;60160;120320;240640;481280;962560
471;942;1884;3768;7536;15072;30144;60288;120576;241152;482304;964608
472;944;1888;3776;7552;15104;30208;60416;120832;241664;483328;966656
473;946;1892;3784;7568;15136;30272;60544;121088;242176;484352;968704
474;948;1896;3792;7584;15168;30336;60672;121344;242688;485376;970752
475;950;1900;3800;7600;15200;30400;60800;121600;243200;486400;972800
476;952;1904;3808;7616;15232;30464;60928;121856;243712;487424;974848
477;954;1908;3816;7632;15264;30528;61056;122112;244224;488448;976896
478;956;1912;3824;7648;15296;30592;61184;122368;244736;489472;978944
479;958;1916;3832;7664;15328;30656;61312;122624;245248;490496;980992
480;960;1920;3840;7680;15360;30720;61440;122880;245760;491520;983040
481;962;1924;3848;7696;15392;30784;61568;123136;246272;492544;985088
482;964;1928;3856;7712;15424;30848;61696;123392;246784;493568;987136
483;966;1932;3864;7728;15456;30912;61824;123648;247296;494592;989184
484;968;1936;3872;7744;15488;30976;61952;123904;247808;495616;991232
485;970;1940;3880;7760;15520;31040;62080;124160;248320;496640;993280
486;972;1944;3888;7776;15552;31104;62208;124416;248832;497664;995328
487;974;1948;3896;7792;15584;31168;62336;124672;249344;498688;997376
488;976;1952;3904;7808;15616;31232;62464;124928;249856;499712;999424
489;978;1956;3912;7824;15648;31296;62592;125184;250368;500736;1001472
490;980;1960;3920;7840;15680;31360;62720;125440;250880;501760;1003520
491;982;1964;3928;7856;15712;31424;62848;125696;251392;502784;1005568
492;984;1968;3936;7872;15744;31488;62976;125952;251904;503808;1007616
493;986;1972;3944;7888;15776;31552;63104;126208;252416;504832;1009664
494;988;1976;3952;7904;15808;31616;63232;126464;252928;505856;1011712
495;990;1980;3960;7920;15840;31680;63360;126720;253440;506880;1013760
496;992;1984;3968;7936;15872;31744;63488;126976;253952;507904;1015808
497;994;1988;3976;7952;15904;31808;63616;127232;254464;508928;1017856
498;996;1992;3984;7968;15936;31872;63744;127488;254976;509952;1019904
499;998;1996;3992;7984;15968;31936;63872;127744;255488;510976;1021952
500;1000;2000;4000;8000;16000;32000;64000;128000;256000;512000;1024000
